"scientific_name","scientific_name_clean","join_name","match_status","Sequence","Species1","Family1","Order1","Avibase.ID1","Total.individuals","Female","Male","Unknown","Complete.measures","Beak.Length_Culmen","Beak.Length_Nares","Beak.Width","Beak.Depth","Tarsus.Length","Wing.Length","Kipps.Distance","Secondary1","Hand-Wing.Index","Tail.Length","Mass","Mass.Source","Mass.Refs.Other","Inference","Traits.inferred","Reference.species","Habitat","Habitat.Density","Migration","Trophic.Level","Trophic.Niche","Primary.Lifestyle","Min.Latitude","Max.Latitude","Centroid.Latitude","Centroid.Longitude","Range.Size","source","Species2","Family2","Order2","Avibase.ID2","Species3","Family3","Order3","Species.Status"
"Fulica atra","fulica atra","fulica atra","exact","1885","Fulica atra","Rallidae","Gruiformes","AVIBASE-B682B2A9","9","5","4","0","4","37.7","16.5","5.6","10.5","57","198.2","78.6","120","39.6","53.9","717.12","Dunning","NA","NO","NA","NA","Wetland","3","1","Herbivore","Herbivore aquatic","Generalist","-46.68","66.41","36.450000000000003","81.739999999999995","33490842.859999999","AVONET1_BirdLife",NA,NA,NA,NA,NA,NA,NA,NA
"Hirundo neoxena","hirundo neoxena","hirundo neoxena","exact","7710","Hirundo neoxena","Hirundinidae","Passeriformes","AVIBASE-F8F6B795","11","5","6","0","4","11.5","5.7","4.5","2.7","10.7","111.5","57.6","53.5","51.8","77.7","14.7","Dunning","NA","NO","NA","NA","Wetland","3","3","Carnivore","Invertivore","Aerial","-51.08","-13.52","-30.61","139.69","4216129","AVONET1_BirdLife",NA,NA,NA,NA,NA,NA,NA,NA
"Aythya australis","aythya australis","aythya australis","exact","483","Aythya australis","Anatidae","Anseriformes","AVIBASE-ABEF107C","5","2","3","0","4","45.6","29.1","20.3","15.5","33.7","213.6","100.1","113.2","47","56","869.41","Dunning","NA","NO","NA","NA","Wetland","3","1","Carnivore","Aquatic predator","Aquatic","-43.64","-10.69","-25.55","135.33000000000001","6825013.8899999997","AVONET1_BirdLife",NA,NA,NA,NA,NA,NA,NA,NA
"Sturnus vulgaris","sturnus vulgaris","sturnus vulgaris","exact","8683","Sturnus vulgaris","Sturnidae","Passeriformes","AVIBASE-94A44032","28","11","17","0","10","30.2","18.5","6.6","6.5","29","128.3","49.2","79.1","38.4","65.8","77.14","Dunning","NA","NO","NA","NA","Human Modified","3","2","Omnivore","Omnivore","Insessorial","24.55","71.19","50.32","52.41","17082191.68","AVONET1_BirdLife",NA,NA,NA,NA,NA,NA,NA,NA
"Microcarbo melanoleucos","microcarbo melanoleucos","microcarbo melanoleucos","exact","2291","Microcarbo melanoleucos","Phalacrocoracidae","Suliformes","AVIBASE-DF8F84C3","8","4","2","2","4","37.4","27.5","7.6","11.4","37.6","218.8","80.5","138.2","36.8","153","727.36","Dunning","NA","NO","NA","NA","Wetland","3","1","Carnivore","Aquatic predator","Aquatic","-47.29","8.09","-23.55","144.12","3114425.13","AVONET1_BirdLife",NA,NA,NA,NA,NA,NA,NA,NA
"Ptilotula penicillata","ptilotula penicillata","ptilotula penicillata","exact","6137","Ptilotula penicillata","Meliphagidae","Passeriformes","AVIBASE-CE7BDFB9","23","8","14","1","4","16.2","7.2","2.8","3.4","19.8","79","17","62.7","21.4","70","19.36","Dunning","NA","NO","NA","NA","Forest","2","1","Omnivore","Omnivore","Insessorial","-39.479999999999997","-17.09","-26.17","135.61000000000001","4922061.09","AVONET1_BirdLife",NA,NA,NA,NA,NA,NA,NA,NA
"Tachybaptus novaehollandiae","tachybaptus novaehollandiae","tachybaptus novaehollandiae","exact","550","Tachybaptus novaehollandiae","Podicipedidae","Podicipediformes","AVIBASE-1ABF840F","6","2","2","2","1","23","11.6","4.7","6.4","34.7","102","32.2","69.8","31.5","26.7","219","Dunning","NA","NO","NA","NA","Wetland","3","1","Carnivore","Aquatic predator","Aquatic","-44.83","4.55","-24.57","142.28","3147780.83","AVONET1_BirdLife",NA,NA,NA,NA,NA,NA,NA,NA
"Acanthiza pusilla","acanthiza pusilla","acanthiza pusilla","exact","6224","Acanthiza pusilla","Acanthizidae","Passeriformes","AVIBASE-8F6C8E9E","17","5","12","0","4","11.2","5.3","2.1","2.6","18.7","51.8","7.6","44.1","14.6","43.4","7.62","Dunning","NA","NO","NA","NA","Shrubland","2","1","Carnivore","Invertivore","Insessorial","-43.64","-20","-32.24","147.72","1131818.69","AVONET1_BirdLife",NA,NA,NA,NA,NA,NA,NA,NA
"Trichoglossus haematodus","trichoglossus haematodus","trichoglossus haematodus","exact","4392","Trichoglossus haematodus","Psittacidae","Psittaciformes","AVIBASE-BA1FA66D","4","2","2","0","4","21.3","18.2","11.6","20.7","18.8","155.2","77.2","78.1","49.7","136.2","113.25","Dunning","NA","NO","NA","NA","Forest","1","1","Herbivore","Omnivore","Insessorial","-22.71","0.04","-5.75","142.31","875500.13","AVONET1_BirdLife",NA,NA,NA,NA,NA,NA,NA,NA
"Chroicocephalus novaehollandiae","chroicocephalus novaehollandiae","chroicocephalus novaehollandiae","exact",NA,NA,NA,NA,NA,"10","4","4","2","8","39.6","17.5","5.3","10.2","44.3","277.3","146.5","129.8","53","107.6","269","Dunning","NA","NO","NA","NA","Coastal","3","1","Carnivore","Omnivore","Generalist",NA,NA,NA,NA,NA,"AVONET2_eBird","Chroicocephalus novaehollandiae","Laridae","Charadriiformes","AVIBASE-AD086862",NA,NA,NA,NA
"Anthochaera carunculata","anthochaera carunculata","anthochaera carunculata","exact","6132","Anthochaera carunculata","Meliphagidae","Passeriformes","AVIBASE-F8C0016A","24","7","14","3","4","32.3","12.8","4.8","6.1","34.1","154.5","39.9","115.2","25.6","163.2","106.07","Dunning","NA","NO","NA","NA","Forest","2","2","Herbivore","Nectarivore","Insessorial","-39.49","-26.2","-32.090000000000003","134.25","2173024.9","AVONET1_BirdLife",NA,NA,NA,NA,NA,NA,NA,NA
"Poodytes gramineus","poodytes gramineus","poodytes gramineus","exact","7643","Poodytes gramineus","Locustellidae","Passeriformes","AVIBASE-297C0D49","8","3","5","0","4","12.9","7.6","2.4","2.8","20","54","9","44.5","16.9","54.9","14.09","Dunning","NA","NO","NA","NA","Wetland","3","1","Carnivore","Invertivore","Generalist","-43.64","-3.71","-29.2","141.86000000000001","3277909.05","AVONET1_BirdLife",NA,NA,NA,NA,NA,NA,NA,NA
"Cygnus atratus","cygnus atratus","cygnus atratus","exact","399","Cygnus atratus","Anatidae","Anseriformes","AVIBASE-46B54DB1","4","0","1","3","4","71.4","39.9","24.4","20.8","86.9","459.2","206","253.2","44.9","106.2","5623.16","Dunning","NA","NO","NA","NA","Wetland","3","2","Herbivore","Herbivore aquatic","Aquatic","-43.64","-11.12","-26.09","133.78","6663270.0599999996","AVONET1_BirdLife",NA,NA,NA,NA,NA,NA,NA,NA
"Himantopus himantopus","himantopus himantopus","himantopus himantopus","exact","2357","Himantopus himantopus","Recurvirostridae","Charadriiformes","AVIBASE-6AC2ABA3","21","8","12","1","16","65.7","49.1","4.5","4.7","110.8","223.8","117.2","107.1","52.2","74","176.82","Dunning","NA","NO","NA","NA","Wetland","3","2","Carnivore","Aquatic predator","Terrestrial","-47.29","59.43","16.52","38.950000000000003","56867877.549999997","AVONET1_BirdLife",NA,NA,NA,NA,NA,NA,NA,NA
"Pelecanus conspicillatus","pelecanus conspicillatus","pelecanus conspicillatus","exact","2267","Pelecanus conspicillatus","Pelecanidae","Pelecaniformes","AVIBASE-507E4975","4","2","0","2","4","414.2","389.8","46.9","48.2","114.5","601.5","282","319.6","47","151.2","5505","Dunning","NA","NO","NA","NA","Wetland","3","1","Carnivore","Aquatic predator","Aquatic","-43.64","-9.52","-25.72","137.49","5368503.51","AVONET1_BirdLife",NA,NA,NA,NA,NA,NA,NA,NA
"Malurus cyaneus","malurus cyaneus","malurus cyaneus","exact","5947","Malurus cyaneus","Maluridae","Passeriformes","AVIBASE-DAC72D07","15","6","9","0","3","12","5.6","2.5","2.6","23.9","50.7","7.3","42.9","14.6","60.9","10.33","Dunning","NA","NO","NA","NA","Shrubland","2","1","Carnivore","Invertivore","Terrestrial","-43.62","-22.76","-32.39","147.13999999999999","1239779.31","AVONET1_BirdLife",NA,NA,NA,NA,NA,NA,NA,NA
"Columba livia","columba livia","columba livia","exact","586","Columba livia","Columbidae","Columbiformes","AVIBASE-BBA263C2","12","2","8","2","10","23.2","12.1","4.3","5","26.5","219.6","98.8","120.4","45.1","105.5","354.2","Dunning","NA","NO","NA","NA","Human Modified","3","1","Herbivore","Granivore","Terrestrial","5.92","62.4","33.520000000000003","51.08","17464191.460000001","AVONET1_BirdLife",NA,NA,NA,NA,NA,NA,NA,NA
"Grallina cyanoleuca","grallina cyanoleuca","grallina cyanoleuca","exact","6800","Grallina cyanoleuca","Monarchidae","Passeriformes","AVIBASE-40BC6550","15","6","9","0","4","26.2","15.6","5.7","5.5","41.7","172.1","46.3","127.8","26.6","115.5","82.57","Dunning","NA","NO","NA","NA","Grassland","2","1","Carnivore","Aquatic predator","Terrestrial","-40","-8.33","-25.59","133.55000000000001","6745925.5899999999","AVONET1_BirdLife",NA,NA,NA,NA,NA,NA,NA,NA
"Vanellus miles","vanellus miles","vanellus miles","exact","2421","Vanellus miles","Charadriidae","Charadriiformes","AVIBASE-A956C6B5","6","2","2","2","4","38.8","19.4","5.6","6.5","76.2","245.7","87.2","154.8","36","103.8","387","Dunning","NA","NO","NA","NA","Grassland","3","1","Carnivore","Invertivore","Terrestrial","-30.27","-3.58","-18.489999999999998","135.29","3053421.93","AVONET1_BirdLife",NA,NA,NA,NA,NA,NA,NA,NA
"Phalacrocorax carbo","phalacrocorax carbo","phalacrocorax carbo","exact","2311","Phalacrocorax carbo","Phalacrocoracidae","Suliformes","AVIBASE-3DF5C587","13","6","7","0","8","82.7","57","13.2","18.3","64.2","340.2","124.2","211.7","37.1","148.2","2528.97","Dunning","NA","NO","NA","NA","Wetland","3","2","Carnivore","Aquatic predator","Aquatic","-47.29","76.41","11.89","76.819999999999993","24540701.98","AVONET1_BirdLife",NA,NA,NA,NA,NA,NA,NA,NA
"Corvus mellori","corvus mellori","corvus mellori","exact","7003","Corvus mellori","Corvidae","Passeriformes","AVIBASE-DE78C792","13","6","7","0","4","55.4","36.2","13.6","17.9","59","330.8","130.4","199.4","39.5","184.7","540.37","Dunning","NA","NO","NA","NA","Shrubland","2","1","Omnivore","Omnivore","Generalist","-40.479999999999997","-28.51","-33.29","143.80000000000001","1353458.96","AVONET1_BirdLife",NA,NA,NA,NA,NA,NA,NA,NA
"Gallinula tenebrosa","gallinula tenebrosa","gallinula tenebrosa","exact","1877","Gallinula tenebrosa","Rallidae","Gruiformes","AVIBASE-0BA183A7","5","1","1","3","4","36.1","16.1","5.2","9.5","56.1","197.2","67","134.8","33.2","72.4","530.1","Dunning","NA","NO","NA","NA","Wetland","2","1","Herbivore","Omnivore","Terrestrial","-43.64","1.76","-24.78","141.34","3787334.48","AVONET1_BirdLife",NA,NA,NA,NA,NA,NA,NA,NA
"Acridotheres tristis","acridotheres tristis","acridotheres tristis","exact","8702","Acridotheres tristis","Sturnidae","Passeriformes","AVIBASE-F23A2F38","12","2","9","1","10","26.8","16","6.4","8","38.6","139.8","32.8","106.3","23.6","84.8","116.43","Dunning","NA","NO","NA","NA","Human Modified","3","2","Carnivore","Omnivore","Terrestrial","0.81","48.29","27.06","81.59","8561587.6699999999","AVONET1_BirdLife",NA,NA,NA,NA,NA,NA,NA,NA
"Rhipidura albiscapa","rhipidura albiscapa","rhipidura albiscapa","exact","6745","Rhipidura albiscapa","Rhipiduridae","Passeriformes","AVIBASE-A98285EB","21","8","12","1","3","11.8","5.4","3.2","2.6","16.9","73","16.1","58","21.8","82.6","8.6","Updated_literature","Dunning (2021)","NO","NA","NA","Woodland","2","1","Carnivore","Invertivore","Insessorial","-43.64","-10.17","-32.520000000000003","143.71","1303298.07","AVONET1_BirdLife",NA,NA,NA,NA,NA,NA,NA,NA
"Passer domesticus","passer domesticus","passer domesticus","exact","9910","Passer domesticus","Passeridae","Passeriformes","AVIBASE-240E3390","25","12","13","0","8","13.5","9.1","6.3","7.4","17.9","74.9","20.4","54.4","27.3","57.2","26.51","Dunning","NA","NO","NA","NA","Human Modified","3","1","Herbivore","Granivore","Terrestrial","5.91","71.19","46.32","61.68","34407867.590000004","AVONET1_BirdLife",NA,NA,NA,NA,NA,NA,NA,NA
"Anas superciliosa","anas superciliosa","anas superciliosa","exact","520","Anas superciliosa","Anatidae","Anseriformes","AVIBASE-07479AD9","5","2","2","1","4","57.5","40.4","20","15.8","39.2","251.2","118.8","132.8","47.1","78","882.76","Dunning","NA","NO","NA","NA","Wetland","3","2","Herbivore","Herbivore aquatic","Aquatic","-54.78","8.99","-22.89","135.83000000000001","8845309.6400000006","AVONET1_BirdLife",NA,NA,NA,NA,NA,NA,NA,NA
"Zosterops lateralis","zosterops lateralis","zosterops lateralis","exact","8216","Zosterops lateralis","Zosteropidae","Passeriformes","AVIBASE-EA151AD8","22","8","14","0","10","12.7","6.8","2.8","3.1","16.4","59","15.2","44.8","25.3","42.2","12.68","Dunning","NA","NO","NA","NA","Shrubland","2","1","Omnivore","Omnivore","Insessorial","-52.61","-11.74","-31.53","144.58000000000001","2701109.16","AVONET1_BirdLife",NA,NA,NA,NA,NA,NA,NA,NA
"Gymnorhina tibicen","gymnorhina tibicen","gymnorhina tibicen","exact","6534","Gymnorhina tibicen","Artamidae","Passeriformes","AVIBASE-3CE2F51F","30","9","20","1","9","54.7","35.8","11.9","15.8","56.2","256.6","108.3","157.9","40.7","137.2","284.87","Dunning","NA","NO","NA","NA","Woodland","2","1","Carnivore","Invertivore","Terrestrial","-43.55","-8.51","-26.45","135.38","6726971.9500000002","AVONET1_BirdLife",NA,NA,NA,NA,NA,NA,NA,NA
"Ocyphaps lophotes","ocyphaps lophotes","ocyphaps lophotes","exact","768","Ocyphaps lophotes","Columbidae","Columbiformes","AVIBASE-245D312A","5","2","3","0","4","17.7","9.2","4.2","4.3","26.4","160.6","64.1","96.2","40","134.4","204","Dunning","NA","NO","NA","NA","Grassland","3","1","Herbivore","Omnivore","Terrestrial","-39.14","-12.25","-25.9","134.24","7382616.5300000003","AVONET1_BirdLife",NA,NA,NA,NA,NA,NA,NA,NA
"Psephotus haematonotus","psephotus haematonotus","psephotus haematonotus","exact","4301","Psephotus haematonotus","Psittacidae","Psittaciformes","AVIBASE-D50BD34B","5","0","5","0","4","15.5","12.1","8.2","14","15.8","128.6","56.9","71.1","44.5","151","61.39","Dunning","NA","NO","NA","NA","Woodland","2","1","Herbivore","Granivore","Terrestrial","-38.909999999999997","-25.23","-31.71","145.11000000000001","1548738.74","AVONET1_BirdLife",NA,NA,NA,NA,NA,NA,NA,NA
"Phylidonyris novaehollandiae","phylidonyris novaehollandiae","phylidonyris novaehollandiae","exact","5975","Phylidonyris novaehollandiae","Meliphagidae","Passeriformes","AVIBASE-DF9A1A25","21","7","12","2","4","22.8","9.8","2.9","4","21.8","77.9","17","59","22.4","75.4","20.21","Dunning","NA","NO","NA","NA","Shrubland","2","2","Herbivore","Nectarivore","Insessorial","-43.64","-25","-34.869999999999997","140.13999999999999","851798.64","AVONET1_BirdLife",NA,NA,NA,NA,NA,NA,NA,NA
"Turdus merula","turdus merula","turdus merula","exact","8947","Turdus merula","Turdidae","Passeriformes","AVIBASE-88BB4F2A","56","27","26","3","6","28.5","15.5","5.3","7.5","33.6","128.4","29.8","98.6","23.1","106.3","102.73","Dunning","NA","NO","NA","NA","Forest","2","1","Omnivore","Omnivore","Generalist","27.38","71.09","49.18","28.15","10572243.359999999","AVONET1_BirdLife",NA,NA,NA,NA,NA,NA,NA,NA
"Anthochaera lunulata","anthochaera lunulata","anthochaera lunulata","exact","6129","Anthochaera lunulata","Meliphagidae","Passeriformes","AVIBASE-629C5612","11","5","3","3","4","32.2","13.9","4.1","5.5","26.5","122.1","25.4","97.4","20.6","135.9","61.8","EltonTraits_Other","NA","NO","NA","NA","Shrubland","2","1","Herbivore","Nectarivore","Insessorial","-35.19","-28.55","-32.520000000000003","117.94","237097.58","AVONET1_BirdLife",NA,NA,NA,NA,NA,NA,NA,NA
"Pardalotus punctatus","pardalotus punctatus","pardalotus punctatus","exact","6162","Pardalotus punctatus","Pardalotidae","Passeriformes","AVIBASE-54C12F34","21","8","13","0","4","8","4.3","3.2","3.7","17.4","56.5","13.7","41.3","24.8","27.6","8.7","Dunning","NA","NO","NA","NA","Forest","2","1","Omnivore","Invertivore","Insessorial","-43.64","-15.23","-31.72","140.79","2170812.2599999998","AVONET1_BirdLife",NA,NA,NA,NA,NA,NA,NA,NA
"Anas castanea","anas castanea","anas castanea","exact","533","Anas castanea","Anatidae","Anseriformes","AVIBASE-DBF66606","4","2","2","0","2","37.7","28.6","15","12.4","33.9","202","95.1","114.3","45.5","87.7","624.01","Dunning","NA","NO","NA","NA","Wetland","3","2","Omnivore","Aquatic predator","Aquatic","-43.64","-15.66","-30.02","139.43","3131751.24","AVONET1_BirdLife",NA,NA,NA,NA,NA,NA,NA,NA
"Phalacrocorax sulcirostris","phalacrocorax sulcirostris","phalacrocorax sulcirostris","exact","2317","Phalacrocorax sulcirostris","Phalacrocoracidae","Suliformes","AVIBASE-DA51102A","4","2","2","0","4","51.9","39.4","8.6","11.5","45.3","248.8","95","153.8","38.1","128.8","994.98","Dunning","NA","NO","NA","NA","Wetland","3","1","Carnivore","Aquatic predator","Aquatic","-46.07","2.65","-20.07","139.87","2431360.5","AVONET1_BirdLife",NA,NA,NA,NA,NA,NA,NA,NA
"Ardea alba","ardea alba","ardea alba","exact","2244","Ardea alba","Ardeidae","Pelecaniformes","AVIBASE-49D9148A","16","4","7","5","8","126.3","90.4","12","18.1","141.6","378.8","120.7","257.2","32.1","140.5","871.33","Dunning","NA","NO","NA","NA","Wetland","3","2","Carnivore","Aquatic predator","Terrestrial","-52.61","57.34","10.02","28.87","74898555.489999995","AVONET1_BirdLife",NA,NA,NA,NA,NA,NA,NA,NA
"Chenonetta jubata","chenonetta jubata","chenonetta jubata","exact","469","Chenonetta jubata","Anatidae","Anseriformes","AVIBASE-149A8E7E","6","3","3","0","4","36.5","15.3","13.6","9.7","47.8","258.8","121.2","136.5","47","93.7","807.46","Dunning","NA","NO","NA","NA","Wetland","3","1","Herbivore","Herbivore terrestrial","Terrestrial","-43.64","-12.84","-26.72","135.69999999999999","5996685.0999999996","AVONET1_BirdLife",NA,NA,NA,NA,NA,NA,NA,NA
"Rhipidura leucophrys","rhipidura leucophrys","rhipidura leucophrys","exact","6710","Rhipidura leucophrys","Rhipiduridae","Passeriformes","AVIBASE-F65B55BD","21","6","15","0","4","18.1","8.4","5.1","4.1","26.1","99","19.5","81","19.4","101.5","27.44","Dunning","NA","NO","NA","NA","Woodland","3","1","Carnivore","Invertivore","Insessorial","-39.24","2.65","-23.26","135.13","8395527.0899999999","AVONET1_BirdLife",NA,NA,NA,NA,NA,NA,NA,NA
"Egretta novaehollandiae","egretta novaehollandiae","egretta novaehollandiae","exact","2251","Egretta novaehollandiae","Ardeidae","Pelecaniformes","AVIBASE-21044CEC","5","3","2","0","4","80.9","68","9.4","11.5","89","298.4","110.8","184.8","37.5","114.8","558.64","Dunning","NA","NO","NA","NA","Wetland","3","1","Carnivore","Aquatic predator","Terrestrial","-48.02","-4.66","-29.89","144.63","2680426.2200000002","AVONET1_BirdLife",NA,NA,NA,NA,NA,NA,NA,NA
"Anas gracilis","anas gracilis","anas gracilis","exact","532","Anas gracilis","Anatidae","Anseriformes","AVIBASE-9CBAFD8F","5","2","3","0","3","39.2","30.1","15.3","12","32.9","192.2","91.8","102","47.3","72","488.11","Dunning","NA","NO","NA","NA","Wetland","3","1","Omnivore","Aquatic predator","Aquatic","-46.68","-0.34","-24.47","136.77000000000001","8457229.3699999992","AVONET1_BirdLife",NA,NA,NA,NA,NA,NA,NA,NA
"Chloris chloris","chloris chloris","chloris chloris","exact","10159","Chloris chloris","Fringillidae","Passeriformes","AVIBASE-65BD2033","30","14","16","0","8","14.4","11","7.6","8.8","17.3","85.3","27.8","57.4","32.5","55.7","26","Dunning","NA","NO","NA","NA","Woodland","2","1","Herbivore","Granivore","Generalist","27.64","70.260000000000005","50.67","25.85","10220595.83","AVONET1_BirdLife",NA,NA,NA,NA,NA,NA,NA,NA
"Todiramphus sanctus","todiramphus sanctus","todiramphus sanctus","exact","3496","Todiramphus sanctus","Alcedinidae","Coraciiformes","AVIBASE-D3BC0A03","38","4","5","29","8","43.4","34.3","10.5","10.1","12.9","91.3","27.7","64.1","30.1","60.5","52.96","Dunning","NA","NO","NA","NA","Woodland","2","3","Carnivore","Invertivore","Insessorial","-47.29","-9.76","-26.17","134.91999999999999","5939587.6900000004","AVONET1_BirdLife",NA,NA,NA,NA,NA,NA,NA,NA
"Passer montanus","passer montanus","passer montanus","exact","9933","Passer montanus","Passeridae","Passeriformes","AVIBASE-C22FBF8D","50","13","17","20","8","13.2","8.2","5.5","6.5","16.4","67.9","16.7","51.2","24.6","51","21.39","Dunning","NA","NO","NA","NA","Woodland","2","1","Omnivore","Granivore","Terrestrial","-10.94","71.06","46.61","81.349999999999994","39069801.390000001","AVONET1_BirdLife",NA,NA,NA,NA,NA,NA,NA,NA
"Nycticorax caledonicus","nycticorax caledonicus","nycticorax caledonicus","exact","2222","Nycticorax caledonicus","Ardeidae","Pelecaniformes","AVIBASE-FDD00863","5","2","2","1","4","81.7","56.6","14.4","20.4","84.3","300","90.4","213.4","29.8","110.6","856","Dunning","NA","NO","NA","NA","Wetland","3","2","Carnivore","Aquatic predator","Terrestrial","-43.25","18.649999999999999","-20.37","136.05000000000001","7725707.6200000001","AVONET1_BirdLife",NA,NA,NA,NA,NA,NA,NA,NA
"Manorina melanophrys","manorina melanophrys","manorina melanophrys","exact","6149","Manorina melanophrys","Meliphagidae","Passeriformes","AVIBASE-7E6D62E4","13","3","8","2","4","17.1","7.4","3","4.9","22.1","94.6","18.2","73.8","19.9","81.3","30.39","Dunning","NA","NO","NA","NA","Forest","2","1","Carnivore","Invertivore","Insessorial","-39.15","-25.73","-32.979999999999997","150.16999999999999","317354.76","AVONET1_BirdLife",NA,NA,NA,NA,NA,NA,NA,NA
"Poliocephalus poliocephalus","poliocephalus poliocephalus","poliocephalus poliocephalus","exact","558","Poliocephalus poliocephalus","Podicipedidae","Podicipediformes","AVIBASE-64866E2A","4","0","1","3","3","24.4","10.8","3.9","6.4","34.5","110","45.2","64.8","41.1","28.3","239.86","Dunning","NA","NO","NA","NA","Wetland","3","1","Carnivore","Aquatic predator","Aquatic","-43.64","-25.91","-33.68","139.44","1194543.6399999999","AVONET1_BirdLife",NA,NA,NA,NA,NA,NA,NA,NA
"Anthochaera chrysoptera","anthochaera chrysoptera","anthochaera chrysoptera","exact","6130","Anthochaera chrysoptera","Meliphagidae","Passeriformes","AVIBASE-04A7ABB7","12","3","7","2","4","29.1","12.1","4.3","5.9","27.4","129.2","24.7","100","19.8","139.5","67.8","Dunning","NA","NO","NA","NA","Forest","2","1","Herbivore","Nectarivore","Insessorial","-43.64","-24","-34.64","146.85","671226.2","AVONET1_BirdLife",NA,NA,NA,NA,NA,NA,NA,NA
"Porphyrio porphyrio","porphyrio porphyrio","porphyrio porphyrio","exact","1861","Porphyrio porphyrio","Rallidae","Gruiformes","AVIBASE-AC1E791E","10","4","6","0","8","56.2","26.2","9.4","21.3","79.9","234.9","69.3","158.3","30.5","85.5","773.88","Dunning","NA","NO","NA","NA","Wetland","2","1","Herbivore","Herbivore aquatic","Terrestrial","-46.68","47.51","-3.51","82","18686249.25","AVONET1_BirdLife",NA,NA,NA,NA,NA,NA,NA,NA
"Glossopsitta concinna","glossopsitta concinna","glossopsitta concinna","exact","4366","Glossopsitta concinna","Psittacidae","Psittaciformes","AVIBASE-BE39F927","5","2","3","0","4","17.8","13.2","8.9","15","14.8","124.6","65.5","57.2","53.4","90.8","70.54","Dunning","NA","NO","NA","NA","Woodland","2","1","Herbivore","Omnivore","Insessorial","-43.64","-26","-34.83","146.25","663167.13","AVONET1_BirdLife",NA,NA,NA,NA,NA,NA,NA,NA
"Elseyornis melanops","elseyornis melanops","elseyornis melanops","exact","2401","Elseyornis melanops","Charadriidae","Charadriiformes","AVIBASE-124EBA0D","5","2","3","0","4","17.3","10.2","3","3.6","24.8","107.8","49.3","58.2","45.8","55.8","33","Dunning","NA","NO","NA","NA","Wetland","3","2","Carnivore","Aquatic predator","Terrestrial","-46.68","-10.51","-25.92","136.04","7354478.04","AVONET1_BirdLife",NA,NA,NA,NA,NA,NA,NA,NA
"Acrocephalus australis","acrocephalus australis","acrocephalus australis","exact","7576","Acrocephalus australis","Acrocephalidae","Passeriformes","AVIBASE-8700E651","9","4","5","0","4","19.9","10.6","3.8","4.1","24","71.6","16.3","55","22.9","67","17.7","Dunning","NA","NO","NA","NA","Wetland","3","3","Carnivore","Invertivore","Insessorial","-43.31","18.84","-21.31","137.46","5363722.05","AVONET1_BirdLife",NA,NA,NA,NA,NA,NA,NA,NA
"Cracticus torquatus","cracticus torquatus","cracticus torquatus","exact","6538","Cracticus torquatus","Artamidae","Passeriformes","AVIBASE-9CD4E6BB","10","4","5","1","4","40.4","28.6","9.2","12.5","30","145.1","39.2","108.4","26.4","110.6","82.88","Dunning","NA","NO","NA","NA","Woodland","2","1","Omnivore","Omnivore","Insessorial","-43.64","-14.5","-27.75","135.34","6032491.25","AVONET1_BirdLife",NA,NA,NA,NA,NA,NA,NA,NA
"Platalea regia","platalea regia","platalea regia","exact","2161","Platalea regia","Threskiornithidae","Pelecaniformes","AVIBASE-DEAF523A","5","3","1","1","4","174.3","153.5","26.6","13.8","120.3","352.6","129.5","223.8","36.6","108.6","1723.49","Dunning","NA","NO","NA","NA","Wetland","3","2","Carnivore","Aquatic predator","Terrestrial","-47.29","-4.29","-24.28","138.38","5888747.8799999999","AVONET1_BirdLife",NA,NA,NA,NA,NA,NA,NA,NA
"Sericornis frontalis","sericornis frontalis","sericornis frontalis","exact","6209","Sericornis frontalis","Acanthizidae","Passeriformes","AVIBASE-3E73B907","19","6","10","3","4","14.6","7.5","2.5","2.9","20.7","55.6","7","48.6","12.7","45.7","13.23","Dunning","NA","NO","NA","NA","Shrubland","1","1","Omnivore","Invertivore","Insessorial","-41","-15.18","-31.43","138.02000000000001","1682487.01","AVONET1_BirdLife",NA,NA,NA,NA,NA,NA,NA,NA
"Ninox strenua","ninox strenua","ninox strenua","exact","2727","Ninox strenua","Strigidae","Strigiformes","AVIBASE-2DF7793A","5","1","0","4","4","48","27.6","15.9","26.1","57.5","400.8","116.8","281.9","29.3","261.7","1345.97","Dunning","NA","NO","NA","NA","Forest","2","2","Carnivore","Vertivore","Insessorial","-39","-22.86","-32.33","148.66999999999999","573814.15","AVONET1_BirdLife",NA,NA,NA,NA,NA,NA,NA,NA
"Circus approximans","circus approximans","circus approximans","exact","3071","Circus approximans","Accipitridae","Accipitriformes","AVIBASE-1ACF5A6E","8","6","2","0","8","39.5","21.9","11.9","16.4","89.3","406.9","181.9","225","44.7","233.2","746.19","Dunning","NA","NO","NA","NA","Wetland","3","2","Carnivore","Vertivore","Aerial","-47.28","-13.07","-33.9","146.38","2033024.84","AVONET1_BirdLife",NA,NA,NA,NA,NA,NA,NA,NA
"Neochmia temporalis","neochmia temporalis","neochmia temporalis","exact","9866","Neochmia temporalis","Estrildidae","Passeriformes","AVIBASE-4359B503","15","7","8","0","4","10.8","7.6","5.3","6.3","15.3","52","11.2","42","21.1","48.4","11.4","Dunning","NA","NO","NA","NA","Woodland","2","1","Herbivore","Granivore","Terrestrial","-39.479999999999997","-11","-29.52","147.61000000000001","1074490.6499999999","AVONET1_BirdLife",NA,NA,NA,NA,NA,NA,NA,NA
"Ardea pacifica","ardea pacifica","ardea pacifica","exact","2237","Ardea pacifica","Ardeidae","Pelecaniformes","AVIBASE-69F7C030","5","1","4","0","4","88.2","72","11.9","16.1","131.3","385.2","153.8","223.5","40.8","161","881","Dunning","NA","NO","NA","NA","Wetland","3","2","Carnivore","Omnivore","Terrestrial","-39.14","-10.69","-25.2","135.03","6791074.1399999997","AVONET1_BirdLife",NA,NA,NA,NA,NA,NA,NA,NA
"Threskiornis moluccus","threskiornis moluccus","threskiornis moluccus","exact","2166","Threskiornis moluccus","Threskiornithidae","Pelecaniformes","AVIBASE-8C461E3F","4","1","3","0","4","161","134.2","14.8","20.6","97.7","351.8","110.3","241.4","31.4","128.8","1794.89","Dunning","NA","NO","NA","NA","Wetland","3","1","Carnivore","Aquatic predator","Terrestrial","-43.64","-0.34","-30.14","140.97999999999999","563710.25","AVONET1_BirdLife",NA,NA,NA,NA,NA,NA,NA,NA
"Dacelo novaeguineae","dacelo novaeguineae","dacelo novaeguineae","exact","3518","Dacelo novaeguineae","Alcedinidae","Coraciiformes","AVIBASE-94AF4A47","7","2","3","2","4","68.6","50.3","22.6","24.4","26.8","216.1","62.5","152.3","29.1","153.1","333.8","Dunning","NA","NO","NA","NA","Forest","2","1","Carnivore","Omnivore","Insessorial","-39.47","-10.02","-28.34","145.69999999999999","2413843.09","AVONET1_BirdLife",NA,NA,NA,NA,NA,NA,NA,NA
"Acanthagenys rufogularis","acanthagenys rufogularis","acanthagenys rufogularis","exact","6128","Acanthagenys rufogularis","Meliphagidae","Passeriformes","AVIBASE-BFB1C22E","17","5","12","0","4","25.7","11.3","3.7","5","25.1","111.1","25","82.8","23.2","111.4","47.8","Dunning","NA","NO","NA","NA","Shrubland","2","1","Omnivore","Omnivore","Insessorial","-38.86","-16.14","-27.1","133.97999999999999","5976565.2000000002","AVONET1_BirdLife",NA,NA,NA,NA,NA,NA,NA,NA
"Eolophus roseicapilla","eolophus roseicapilla","eolophus roseicapilla","exact","4088","Eolophus roseicapilla","Cacatuidae","Psittaciformes","AVIBASE-155F5285","5","2","3","0","4","31.1","23.1","18.6","27.7","23","256.2","112.6","138.4","44.9","136.8","328","Updated_literature","BoW","NO","NA","NA","Woodland","3","1","Herbivore","Granivore","Terrestrial","-43.52","-11.09","-25.5","134.86000000000001","7009675.9400000004","AVONET1_BirdLife",NA,NA,NA,NA,NA,NA,NA,NA
"Carduelis carduelis","carduelis carduelis","carduelis carduelis","exact","10214","Carduelis carduelis","Fringillidae","Passeriformes","AVIBASE-59353A05","30","11","19","0","12","15.4","11.2","5.5","7.2","14.7","77.4","25.8","51.6","33.4","48.6","16","Dunning","NA","NO","NA","NA","Woodland","2","1","Herbivore","Granivore","Insessorial","23.49","63.96","50.13","35.729999999999997","11860717.869999999","AVONET1_BirdLife",NA,NA,NA,NA,NA,NA,NA,NA
"Corvus coronoides","corvus coronoides","corvus coronoides","exact","7005","Corvus coronoides","Corvidae","Passeriformes","AVIBASE-1D45897E","16","6","10","0","4","61.1","39.8","16.2","20.1","63.6","356.1","147.8","211.6","41.1","198.7","644.3","Dunning","NA","NO","NA","NA","Shrubland","2","1","Omnivore","Omnivore","Generalist","-39.24","-12.68","-27.75","138.57","4803477.78","AVONET1_BirdLife",NA,NA,NA,NA,NA,NA,NA,NA
"Chalcites basalis","chalcites basalis","chalcites basalis","exact","1675","Chalcites basalis","Cuculidae","Cuculiformes","AVIBASE-91248B47","5","2","3","0","4","15.9","9.4","4.1","4.2","18","99.6","40.5","59","40.6","68.4","23.12","Dunning","NA","NO","NA","NA","Woodland","2","1","Carnivore","Invertivore","Generalist","-43.64","-9.75","-25.73","134.49","7686831.1200000001","AVONET1_BirdLife",NA,NA,NA,NA,NA,NA,NA,NA
"Falco cenchroides","falco cenchroides","falco cenchroides","exact","4044","Falco cenchroides","Falconidae","Falconiformes","AVIBASE-A575254C","5","2","3","0","4","20","13.4","9.6","11.6","38.3","249.4","136.1","115.2","54.1","161.4","170.47","Dunning","NA","NO","NA","NA","Woodland","3","2","Carnivore","Invertivore","Generalist","-43.64","-3.88","-25.73","134.49","7685043.1399999997","AVONET1_BirdLife",NA,NA,NA,NA,NA,NA,NA,NA
"Strepera graculina","strepera graculina","strepera graculina","exact","6531","Strepera graculina","Artamidae","Passeriformes","AVIBASE-B39778F8","18","5","12","1","4","59.6","37.1","14.3","19.8","52.6","260.6","76.7","182.5","29.6","193.8","298.86","Dunning","NA","NO","NA","NA","Forest","2","1","Omnivore","Omnivore","Generalist","-39.479999999999997","-10.02","-27.98","147.4","1580095.1","AVONET1_BirdLife",NA,NA,NA,NA,NA,NA,NA,NA
"Falco longipennis","falco longipennis","falco longipennis","exact","4064","Falco longipennis","Falconidae","Falconiformes","AVIBASE-B72DDBE4","5","2","3","0","4","19.7","13.6","10.3","12.2","35.9","255","147.8","103.5","58.8","128","249.81","Dunning","NA","NO","NA","NA","Forest","3","2","Carnivore","Vertivore","Aerial","-43.64","-7.11","-25.58","134.36000000000001","7754528.46","AVONET1_BirdLife",NA,NA,NA,NA,NA,NA,NA,NA
"Phalacrocorax varius","phalacrocorax varius","phalacrocorax varius","exact","2319","Phalacrocorax varius","Phalacrocoracidae","Suliformes","AVIBASE-E5FAABD0","5","1","0","4","4","75.1","56.5","12.7","17.5","63.8","295.4","110.8","181.8","37.8","136.2","1940.65","Dunning","NA","NO","NA","NA","Coastal","3","1","Carnivore","Aquatic predator","Aquatic","-52.61","-9.94","-26.35","140.80000000000001","4379236.12","AVONET1_BirdLife",NA,NA,NA,NA,NA,NA,NA,NA
"Turdus philomelos","turdus philomelos","turdus philomelos","exact","8941","Turdus philomelos","Turdidae","Passeriformes","AVIBASE-D929EB21","26","12","13","1","4","23.1","11.9","5","5.7","31.8","116","35.7","80.5","30.7","81.7","67.74","Dunning","NA","NO","NA","NA","Forest","1","3","Omnivore","Invertivore","Generalist","35.86","70.569999999999993","55.86","48.89","13727296.630000001","AVONET1_BirdLife",NA,NA,NA,NA,NA,NA,NA,NA
"Epthianura albifrons","epthianura albifrons","epthianura albifrons","exact","6097","Epthianura albifrons","Meliphagidae","Passeriformes","AVIBASE-54C1FDE5","16","3","13","0","4","12.7","7.6","2.4","2.6","19","70.4","16","53.9","22.9","42.1","13.3","Dunning","NA","NO","NA","NA","Wetland","3","1","Carnivore","Invertivore","Generalist","-43.64","-23.02","-31.77","134.03","2667021.56","AVONET1_BirdLife",NA,NA,NA,NA,NA,NA,NA,NA
"Threskiornis spinicollis","threskiornis spinicollis","threskiornis spinicollis","exact","2167","Threskiornis spinicollis","Threskiornithidae","Pelecaniformes","AVIBASE-073C56D1","5","2","3","0","4","156.8","124.9","12.8","16.9","88.9","364.4","141.2","220","39","150.6","1346.72","Dunning","NA","NO","NA","NA","Grassland","3","1","Carnivore","Omnivore","Terrestrial","-39.24","-10.51","-25.22","135.65","6390192.3799999999","AVONET1_BirdLife",NA,NA,NA,NA,NA,NA,NA,NA
"Elanus axillaris","elanus axillaris","elanus axillaris","exact","2963","Elanus axillaris","Accipitridae","Accipitriformes","AVIBASE-67E74DD0","5","2","2","1","4","25.3","15.5","9","11.4","38.8","288.4","153","135.2","53.1","136.8","270.1","Dunning","NA","NO","NA","NA","Grassland","3","2","Carnivore","Vertivore","Aerial","-43.06","-10.69","-25.69","134.44","7649038.1799999997","AVONET1_BirdLife",NA,NA,NA,NA,NA,NA,NA,NA
"Malacorhynchus membranaceus","malacorhynchus membranaceus","malacorhynchus membranaceus","exact","394","Malacorhynchus membranaceus","Anatidae","Anseriformes","AVIBASE-FE03DD1E","6","2","3","1","4","67.6","54","15.3","17.2","31.8","183.7","81.6","99.1","45.1","65.5","372.79","Dunning","NA","NO","NA","NA","Wetland","3","2","Omnivore","Omnivore","Aquatic","-38.86","-19.149999999999999","-31.58","136.15","1457174.78","AVONET1_BirdLife",NA,NA,NA,NA,NA,NA,NA,NA
"Anhinga novaehollandiae","anhinga novaehollandiae","anhinga novaehollandiae","exact","2325","Anhinga novaehollandiae","Anhingidae","Suliformes","AVIBASE-C57D9973","4","2","2","0","4","87.1","75","9.4","12.6","51.3","353","153.3","199.7","43.5","219","1480.06","Dunning","NA","NO","NA","NA","Wetland","3","1","Carnivore","Aquatic predator","Aquatic","-39.24","-0.34","-23.04","136.63999999999999","6824500.2000000002","AVONET1_BirdLife",NA,NA,NA,NA,NA,NA,NA,NA
"Cacatua galerita","cacatua galerita","cacatua galerita","exact","4096","Cacatua galerita","Cacatuidae","Psittaciformes","AVIBASE-3F907C52","5","2","3","0","4","49.3","40.2","22.4","44.3","28.5","347.3","93.2","266","25.9","198.4","720.43","Dunning","NA","NO","NA","NA","Forest","1","1","Herbivore","Omnivore","Insessorial","-43.64","0.04","-21","142.30000000000001","3905044.34","AVONET1_BirdLife",NA,NA,NA,NA,NA,NA,NA,NA
"Cisticola exilis","cisticola exilis","cisticola exilis","exact","7494","Cisticola exilis","Cisticolidae","Passeriformes","AVIBASE-7CB5F8B8","12","5","7","0","4","11.6","6.4","2.1","2.5","17.4","45.2","7.7","38.8","16.4","40.8","7.04","Dunning","NA","NO","NA","NA","Grassland","2","1","Carnivore","Invertivore","Terrestrial","-39.14","29.96","-1.02","122.27","7165244.71","AVONET1_BirdLife",NA,NA,NA,NA,NA,NA,NA,NA
"Tadorna tadornoides","tadorna tadornoides","tadorna tadornoides","exact","456","Tadorna tadornoides","Anatidae","Anseriformes","AVIBASE-FF1439E4","4","0","1","3","4","51","33.3","19","15.8","61.9","353.5","177","176.5","50.1","106","1418.68","Dunning","NA","NO","NA","NA","Wetland","3","2","Omnivore","Omnivore","Terrestrial","-47.29","-18.46","-31.63","137.13","3300063.22","AVONET1_BirdLife",NA,NA,NA,NA,NA,NA,NA,NA
"Anas platyrhynchos","anas platyrhynchos","anas platyrhynchos","exact","525","Anas platyrhynchos","Anatidae","Anseriformes","AVIBASE-85625D75","12","6","6","0","4","58.5","41","20.8","17.8","40.6","263.4","133.5","129.9","50.7","86.9","843.42","Dunning","NA","NO","NA","NA","Wetland","3","2","Herbivore","Herbivore aquatic","Aquatic","20.46","72.37","51.63","11.04","39707247.469999999","AVONET1_BirdLife",NA,NA,NA,NA,NA,NA,NA,NA
"Ninox novaeseelandiae","ninox novaeseelandiae","ninox novaeseelandiae","exact","2732","Ninox novaeseelandiae","Strigidae","Strigiformes","AVIBASE-E8E9C26D","4","0","0","4","4","22.8","12.3","7.8","12.3","32.5","194.2","64.2","130","33","118.5","183.37","Dunning","NA","NO","NA","NA","Forest","1","2","Carnivore","Invertivore","Insessorial","-47.29","-28.99","-41.78","171.49","269367.33","AVONET1_BirdLife",NA,NA,NA,NA,NA,NA,NA,NA
"Manorina melanocephala","manorina melanocephala","manorina melanocephala","exact","6150","Manorina melanocephala","Meliphagidae","Passeriformes","AVIBASE-585D688F","24","8","16","0","4","24.3","10.5","4.1","5.6","30.7","136.1","33.9","102.9","24.8","121.3","60.22","Dunning","NA","NO","NA","NA","Woodland","2","1","Omnivore","Omnivore","Insessorial","-43.58","-12.75","-29.23","146.36000000000001","2065246.62","AVONET1_BirdLife",NA,NA,NA,NA,NA,NA,NA,NA
"Spatula rhynchotis","spatula rhynchotis","spatula rhynchotis","exact","507","Spatula rhynchotis","Anatidae","Anseriformes","AVIBASE-A21E7645","4","2","2","0","3","63.8","45.4","19.4","17.4","30.8","224.2","123","101.2","54.8","71","638.96","Dunning","NA","NO","NA","NA","Wetland","3","1","Carnivore","Aquatic predator","Aquatic","-46.68","-14.05","-29.63","139.27000000000001","4454068.38","AVONET1_BirdLife",NA,NA,NA,NA,NA,NA,NA,NA
"Accipiter fasciatus","accipiter fasciatus","accipiter fasciatus","exact","3101","Accipiter fasciatus","Accipitridae","Accipitriformes","AVIBASE-8257AE54","11","8","3","0","9","28.5","19.1","11.2","15.2","71.9","269.9","103.6","167.3","38.3","206","358.66","Dunning","NA","NO","NA","NA","Forest","1","1","Carnivore","Vertivore","Generalist","-43.64","-1.7","-24.45","134.94999999999999","8180196.71","AVONET1_BirdLife",NA,NA,NA,NA,NA,NA,NA,NA
"Zoothera lunulata","zoothera lunulata","zoothera lunulata","exact","8883","Zoothera lunulata","Turdidae","Passeriformes","AVIBASE-34226B9D","14","8","4","2","4","31.8","18.7","6.2","8","33.8","133.3","36.2","95.5","27.5","108.3","130","Dunning","NA","NO","NA","NA","Forest","1","1","Carnivore","Invertivore","Terrestrial","-43.64","-16.29","-34.119999999999997","147.06","578456.61","AVONET1_BirdLife",NA,NA,NA,NA,NA,NA,NA,NA
"Platycercus eximius","platycercus eximius","platycercus eximius","exact","4312","Platycercus eximius","Psittacidae","Psittaciformes","AVIBASE-69F0C9FF","5","2","3","0","4","18.3","14.7","10.6","18.3","17.8","151.4","63","86.2","42.2","155.8","104","Dunning","NA","NO","NA","NA","Woodland","2","1","Herbivore","Omnivore","Insessorial","-43.52","-25","-33.61","147.21","1075798.21","AVONET1_BirdLife",NA,NA,NA,NA,NA,NA,NA,NA
"Petrochelidon ariel","petrochelidon ariel","petrochelidon ariel","exact","7695","Petrochelidon ariel","Hirundinidae","Passeriformes","AVIBASE-7FB74396","15","9","6","0","4","8.7","4.2","3.8","2.4","10.3","92.4","47.2","45.8","50.7","47.1","10.84","Dunning","NA","NO","NA","NA","Wetland","3","2","Carnivore","Invertivore","Aerial","-39.24","-5.49","-25.34","135.91","5369308.6100000003","AVONET1_BirdLife",NA,NA,NA,NA,NA,NA,NA,NA
"Zanda funerea","zanda funerea","zanda funerea","exact","4083","Zanda funerea","Cacatuidae","Psittaciformes","AVIBASE-E6DFA707","5","2","3","0","4","52.1","42.5","26.7","57.7","31.5","426.2","180.5","243.5","42.7","340.4","674.72","Dunning","NA","NO","NA","NA","Woodland","2","1","Herbivore","Granivore","Insessorial","-43.64","-19.760000000000002","-31.7","147.38999999999999","1045925.98","AVONET1_BirdLife",NA,NA,NA,NA,NA,NA,NA,NA
"Colluricincla harmonica","colluricincla harmonica","colluricincla harmonica","exact","6356","Colluricincla harmonica","Pachycephalidae","Passeriformes","AVIBASE-AD4D85BB","19","7","12","0","4","26.4","14.6","5.5","7.9","31.1","123.2","23.9","100.5","19.2","102.1","65.8","Dunning","NA","NO","NA","NA","Forest","2","1","Carnivore","Invertivore","Insessorial","-43.64","-3.46","-25.55","135.15","6919512.5800000001","AVONET1_BirdLife",NA,NA,NA,NA,NA,NA,NA,NA
"Egretta garzetta","egretta garzetta","egretta garzetta","exact","2258","Egretta garzetta","Ardeidae","Pelecaniformes","AVIBASE-A6E9EDE5","6","2","3","1","4","94.6","68","8.9","11.3","98.8","252.5","82.8","167.2","33.1","94.2","312","Dunning","NA","NO","NA","NA","Wetland","3","2","Carnivore","Aquatic predator","Terrestrial","-43.64","55.12","5.46","70.680000000000007","34141787.350000001","AVONET1_BirdLife",NA,NA,NA,NA,NA,NA,NA,NA
"Heteroscenes pallidus","heteroscenes pallidus","heteroscenes pallidus","exact","1695","Heteroscenes pallidus","Cuculidae","Cuculiformes","AVIBASE-D2B68684","5","2","2","1","4","26.5","15.6","6.6","7","22.7","186.2","92.5","94","49.6","162","87.69","Dunning","NA","NO","NA","NA","Forest","2","1","Carnivore","Invertivore","Insessorial","-43.64","-10.69","-25.74","134.47999999999999","7667931.1600000001","AVONET1_BirdLife",NA,NA,NA,NA,NA,NA,NA,NA
"Cacatua sanguinea","cacatua sanguinea","cacatua sanguinea","exact","4092","Cacatua sanguinea","Cacatuidae","Psittaciformes","AVIBASE-5F5EBCF5","4","0","1","3","4","34","29.6","15.9","30.8","24.2","256.2","95.8","160.5","37.4","121.8","523.69","Dunning","NA","NO","NA","NA","Woodland","2","1","Herbivore","Granivore","Terrestrial","-39.14","-7.71","-25.44","136.72999999999999","5297412.63","AVONET1_BirdLife",NA,NA,NA,NA,NA,NA,NA,NA
"Coracina novaehollandiae","coracina novaehollandiae","coracina novaehollandiae","exact","6450","Coracina novaehollandiae","Campephagidae","Passeriformes","AVIBASE-EBACA7A4","15","5","10","0","4","28.8","15.7","10.7","10.5","28.7","192","73.7","118.5","38.4","135.7","118","Dunning","NA","NO","NA","NA","Forest","2","1","Carnivore","Invertivore","Insessorial","-43.64","-8.0399999999999991","-25.69","134.52000000000001","7703886.0999999996","AVONET1_BirdLife",NA,NA,NA,NA,NA,NA,NA,NA
"Acanthorhynchus tenuirostris","acanthorhynchus tenuirostris","acanthorhynchus tenuirostris","exact","6070","Acanthorhynchus tenuirostris","Meliphagidae","Passeriformes","AVIBASE-A542D690","20","6","12","2","4","26.8","18.9","2.3","2.7","18","65.6","14.2","54.6","20.6","57.1","10.44","Dunning","NA","NO","NA","NA","Forest","2","1","Omnivore","Nectarivore","Insessorial","-43.64","-15","-33.06","147.62","763502.74","AVONET1_BirdLife",NA,NA,NA,NA,NA,NA,NA,NA
"Erythrogonys cinctus","erythrogonys cinctus","erythrogonys cinctus","exact","2427","Erythrogonys cinctus","Charadriidae","Charadriiformes","AVIBASE-A358D6BF","4","2","2","0","4","24.1","16.4","3.4","4.3","39","110.2","46.5","63.8","42.2","46.5","51.4","Dunning","NA","NO","NA","NA","Wetland","3","2","Carnivore","Aquatic predator","Terrestrial","-39.24","-7.73","-25.94","134.28","5111119.63","AVONET1_BirdLife",NA,NA,NA,NA,NA,NA,NA,NA
"Ardea intermedia","ardea intermedia","ardea intermedia","exact","2246","Ardea intermedia","Ardeidae","Pelecaniformes","AVIBASE-30785911","5","2","3","0","4","90.4","61.4","10.5","14.1","104.2","303.4","98.4","202.3","32.7","117.8","458.83","Dunning","NA","NO","NA","NA","Wetland","3","2","Carnivore","Aquatic predator","Terrestrial","-8.85","39.29","21.5","99.46","5469087.0099999998","AVONET1_BirdLife",NA,NA,NA,NA,NA,NA,NA,NA
"Podargus strigoides","podargus strigoides","podargus strigoides","exact","975","Podargus strigoides","Podargidae","Caprimulgiformes","AVIBASE-8500F130","6","2","3","1","4","42.6","22.1","29.3","20.6","28.4","228.8","63","165.8","27.5","172","308.03","Dunning","NA","NO","NA","NA","Forest","1","1","Carnivore","Invertivore","Insessorial","-43.64","-10.02","-25.73","134.47999999999999","7674636.8600000003","AVONET1_BirdLife",NA,NA,NA,NA,NA,NA,NA,NA
"Cacomantis flabelliformis","cacomantis flabelliformis","cacomantis flabelliformis","exact","1689","Cacomantis flabelliformis","Cuculidae","Cuculiformes","AVIBASE-D86848D4","5","2","3","0","4","21.5","11.5","4.9","5.6","16.7","137.2","59.2","78","43.2","133.4","49.8","Dunning","NA","NO","NA","NA","Forest","2","1","Carnivore","Invertivore","Insessorial","-43.64","-0.53","-28.78","142.25","2434269.44","AVONET1_BirdLife",NA,NA,NA,NA,NA,NA,NA,NA
"Pardalotus striatus","pardalotus striatus","pardalotus striatus","exact","6165","Pardalotus striatus","Pardalotidae","Passeriformes","AVIBASE-747BFF64","23","7","16","0","4","9","5.1","3.4","4","19.1","63.7","18.9","48.3","28","30.7","11.44","Dunning","NA","NO","NA","NA","Forest","2","1","Carnivore","Invertivore","Insessorial","-43.64","-10.91","-27.44","137.41","3215729.85","AVONET1_BirdLife",NA,NA,NA,NA,NA,NA,NA,NA
"Eudynamys orientalis","eudynamys orientalis","eudynamys orientalis","exact","1671","Eudynamys orientalis","Cuculidae","Cuculiformes","AVIBASE-3F75E818","9","4","5","0","8","33.9","19.7","10","11.1","37.4","209.9","50.5","159.9","23.9","206","194.92","Dunning","NA","NO","NA","NA","Woodland","2","1","Herbivore","Frugivore","Insessorial","-36.68","2.65","-13.65","139.99","2672035.0299999998","AVONET1_BirdLife",NA,NA,NA,NA,NA,NA,NA,NA
"Thalasseus bergii","thalasseus bergii","thalasseus bergii","exact","2677","Thalasseus bergii","Laridae","Charadriiformes","AVIBASE-526978C4","5","3","2","0","4","68.6","44.5","7.1","12.7","30","357.8","249","107.5","69.9","172.4","328","Dunning","NA","NO","NA","NA","Coastal","3","3","Carnivore","Aquatic predator","Aerial","-44.6","30.73","-10.25","77.11","47808630.759999998","AVONET1_BirdLife",NA,NA,NA,NA,NA,NA,NA,NA
"Petroica phoenicea","petroica phoenicea","petroica phoenicea","exact","7129","Petroica phoenicea","Petroicidae","Passeriformes","AVIBASE-D3766504","11","5","6","0","4","13","6.8","3.4","3","18.8","77.6","21.7","56.5","27.7","54.7","13","Dunning","NA","NO","NA","NA","Shrubland","2","3","Carnivore","Invertivore","Insessorial","-43.64","-28.98","-37.96","147.06","218089.7","AVONET1_BirdLife",NA,NA,NA,NA,NA,NA,NA,NA
"Acanthiza chrysorrhoa","acanthiza chrysorrhoa","acanthiza chrysorrhoa","exact","6218","Acanthiza chrysorrhoa","Acanthizidae","Passeriformes","AVIBASE-B1B0E343","13","5","8","0","4","11.7","6.2","2.1","2.5","18","58.3","9.1","49.1","15.6","37.9","9.29","Dunning","NA","NO","NA","NA","Woodland","2","1","Carnivore","Invertivore","Terrestrial","-43.64","-18.559999999999999","-28.8","136.41","4590956.34","AVONET1_BirdLife",NA,NA,NA,NA,NA,NA,NA,NA
"Platycercus elegans","platycercus elegans","platycercus elegans","exact","4309","Platycercus elegans","Psittacidae","Psittaciformes","AVIBASE-C343ED67","4","0","1","3","4","21","16.7","12.1","23.8","20.5","171","73","98","42.7","178.8","123.86","Dunning","NA","NO","NA","NA","Forest","1","1","Herbivore","Omnivore","Insessorial","-39.14","-15.97","-32.729999999999997","147.25","743635.36","AVONET1_BirdLife",NA,NA,NA,NA,NA,NA,NA,NA
"Chlidonias hybrida","chlidonias hybrida","chlidonias hybrida","exact","2656","Chlidonias hybrida","Laridae","Charadriiformes","AVIBASE-7AB4E42B","6","3","3","0","4","35","20.1","4.3","7.5","23","231.8","144.5","82.8","63.6","85.8","83.67","Dunning","NA","NO","NA","NA","Wetland","3","3","Carnivore","Aquatic predator","Aerial","-38.03","55.74","13.76","62.26","10089513.85","AVONET1_BirdLife",NA,NA,NA,NA,NA,NA,NA,NA
"Cracticus nigrogularis","cracticus nigrogularis","cracticus nigrogularis","exact","6537","Cracticus nigrogularis","Artamidae","Passeriformes","AVIBASE-B731E469","14","5","9","0","4","43.9","27.1","9.8","13.8","36.5","171.8","48.5","125","27.9","129.3","128","Dunning","NA","NO","NA","NA","Woodland","2","1","Carnivore","Omnivore","Insessorial","-38.61","-11","-24.64","133.63","6347951.0599999996","AVONET1_BirdLife",NA,NA,NA,NA,NA,NA,NA,NA
"Porzana fluminea","porzana fluminea","porzana fluminea","exact","1836","Porzana fluminea","Rallidae","Gruiformes","AVIBASE-C1F82F7A","4","0","1","3","4","20.9","9.3","2.7","5.2","27.2","96.8","33.8","63","34.9","48.5","60.79","Dunning","NA","NO","NA","NA","Wetland","2","2","Carnivore","Aquatic predator","Terrestrial","-43.64","-15.74","-30.69","139.88","1975889.79","AVONET1_BirdLife",NA,NA,NA,NA,NA,NA,NA,NA
"Hypotaenidia philippensis","hypotaenidia philippensis","hypotaenidia philippensis","exact","1806","Hypotaenidia philippensis","Rallidae","Gruiformes","AVIBASE-732D08C3","8","1","4","3","4","32.5","16.6","4.1","7.3","42.9","141.5","36.2","100.3","26.5","66.7","205.92","Dunning","NA","NO","NA","NA","Wetland","2","1","Omnivore","Omnivore","Terrestrial","-47.29","19.579999999999998","-14.9","139.63999999999999","2532556.0699999998","AVONET1_BirdLife",NA,NA,NA,NA,NA,NA,NA,NA
"Pachycephala pectoralis","pachycephala pectoralis","pachycephala pectoralis","exact","6348","Pachycephala pectoralis","Pachycephalidae","Passeriformes","AVIBASE-FF0730AE","43","10","32","1","12","17.5","9.9","4.9","5.5","22.7","89.9","16.3","73.5","18","67.2","30.36","Dunning","NA","NO","NA","NA","Forest","2","2","Carnivore","Invertivore","Insessorial","-43.64","-1.1599999999999999","-30.7","139.44999999999999","1963546.27","AVONET1_BirdLife",NA,NA,NA,NA,NA,NA,NA,NA
"Alauda arvensis","alauda arvensis","alauda arvensis","exact","7342","Alauda arvensis","Alaudidae","Passeriformes","AVIBASE-ED2AC04E","34","12","22","0","16","14.6","8.8","4.4","4.7","23.6","106.7","36","70.8","33.6","67.6","37.31","Dunning","NA","NO","NA","NA","Grassland","3","2","Omnivore","Omnivore","Terrestrial","-46.24","71.13","53.41","76.7","26018285.25","AVONET1_BirdLife",NA,NA,NA,NA,NA,NA,NA,NA
"Anthus novaeseelandiae","anthus novaeseelandiae","anthus novaeseelandiae","exact","9982","Anthus novaeseelandiae","Motacillidae","Passeriformes","AVIBASE-7BF0555A","18","8","7","3","8","15.5","9.2","3.4","3.9","25.6","83.8","19.7","67.2","22.6","65.1","24.07","Dunning","NA","NO","NA","NA","Grassland","3","1","Carnivore","Invertivore","Terrestrial","-52.62","-5.0999999999999996","-27.09","135.72999999999999","6479742.4000000004","AVONET1_BirdLife",NA,NA,NA,NA,NA,NA,NA,NA
"Petrochelidon nigricans","petrochelidon nigricans","petrochelidon nigricans","exact","7696","Petrochelidon nigricans","Hirundinidae","Passeriformes","AVIBASE-CF1BEA6B","11","6","5","0","4","10.3","4.3","3.6","2.5","10.8","107.6","56.8","49.9","53.2","58.1","15.4","Dunning","NA","NO","NA","NA","Shrubland","2","2","Carnivore","Invertivore","Aerial","-43.64","-8.07","-26.41","133.49","6475549.9199999999","AVONET1_BirdLife",NA,NA,NA,NA,NA,NA,NA,NA
"Platalea flavipes","platalea flavipes","platalea flavipes","exact","2156","Platalea flavipes","Threskiornithidae","Pelecaniformes","AVIBASE-62A22779","4","2","0","2","4","197.8","162.2","25.5","17.6","123.3","370","140.8","229.2","38","144.5","1741.26","Dunning","NA","NO","NA","NA","Wetland","3","2","Carnivore","Aquatic predator","Terrestrial","-39.14","-22.13","-31.74","143.25","1812783.46","AVONET1_BirdLife",NA,NA,NA,NA,NA,NA,NA,NA
"Calidris ruficollis","calidris ruficollis","calidris ruficollis","exact","2472","Calidris ruficollis","Scolopacidae","Charadriiformes","AVIBASE-BBDF2F1B","4","2","2","0","4","19","13.7","2.4","3.3","18.8","99.5","54.2","45.2","54.5","43.5","26.79","Dunning","NA","NO","NA","NA","Grassland","3","3","Carnivore","Aquatic predator","Terrestrial","59.93","77.47","68.66","115.73","971179.99","AVONET1_BirdLife",NA,NA,NA,NA,NA,NA,NA,NA
"Cacatua tenuirostris","cacatua tenuirostris","cacatua tenuirostris","exact","4090","Cacatua tenuirostris","Cacatuidae","Psittaciformes","AVIBASE-F2A2FB6A","5","0","0","5","4","48.9","44.2","17.2","35.2","23.9","268","117.5","152.2","43.6","119.8","566.61","Dunning","NA","NO","NA","NA","Woodland","2","1","Herbivore","Granivore","Terrestrial","-39","-31.73","-35.630000000000003","143.99","381524.01","AVONET1_BirdLife",NA,NA,NA,NA,NA,NA,NA,NA
"Cacomantis variolosus","cacomantis variolosus","cacomantis variolosus","exact","1693","Cacomantis variolosus","Cuculidae","Cuculiformes","AVIBASE-05824D50","15","7","5","3","8","20.5","12.9","5.3","5.4","16.3","115.4","45.5","72.9","38.3","112.9","35.75","Dunning","NA","NO","NA","NA","Forest","1","1","Carnivore","Invertivore","Insessorial","-39.479999999999997","19.579999999999998","-8.9","129.81","3706197.51","AVONET1_BirdLife",NA,NA,NA,NA,NA,NA,NA,NA
"Falco peregrinus","falco peregrinus","falco peregrinus","exact","4074","Falco peregrinus","Falconidae","Falconiformes","AVIBASE-47E58408","18","7","8","3","8","31.1","18.4","13.7","15.4","45.1","314.7","165","152.6","52.2","143","759.95","Dunning","NA","NO","NA","NA","Grassland","3","2","Carnivore","Vertivore","Aerial","-55.98","80.180000000000007","50.28","21.82","38088662.450000003","AVONET1_BirdLife",NA,NA,NA,NA,NA,NA,NA,NA
"Plegadis falcinellus","plegadis falcinellus","plegadis falcinellus","exact","2188","Plegadis falcinellus","Threskiornithidae","Pelecaniformes","AVIBASE-D4540F88","8","4","4","0","4","117.2","102.8","10.4","13.9","86.4","274.8","104.7","165.3","38.9","102.7","626.61","Dunning","NA","NO","NA","NA","Wetland","3","2","Carnivore","Aquatic predator","Terrestrial","-39.14","49.67","-2.86","50.72","23712479.579999998","AVONET1_BirdLife",NA,NA,NA,NA,NA,NA,NA,NA
"Falco berigora","falco berigora","falco berigora","exact","4066","Falco berigora","Falconidae","Falconiformes","AVIBASE-9F5AA09D","5","2","3","0","4","27.2","19.5","12.5","15.7","71.8","340.2","170.8","167","50.7","194","587.01","Dunning","NA","NO","NA","NA","Woodland","3","1","Carnivore","Vertivore","Generalist","-43.64","-1.47","-24.43","135.03","8273511.5700000003","AVONET1_BirdLife",NA,NA,NA,NA,NA,NA,NA,NA
"Accipiter cirrocephalus","accipiter cirrocephalus","accipiter cirrocephalus","exact","3115","Accipiter cirrocephalus","Accipitridae","Accipitriformes","AVIBASE-21957C95","5","2","3","0","4","19.2","10.6","7.7","9.6","60.3","213","81.3","133.7","37.8","155.4","165.73","Dunning","NA","NO","NA","NA","Forest","1","2","Carnivore","Vertivore","Generalist","-43.64","0.04","-23.36","137.81","5488639.4500000002","AVONET1_BirdLife",NA,NA,NA,NA,NA,NA,NA,NA
"Acanthiza lineata","acanthiza lineata","acanthiza lineata","exact","6221","Acanthiza lineata","Acanthizidae","Passeriformes","AVIBASE-D0A0845A","19","9","10","0","4","9.9","5","2.1","2.8","17.1","51.5","9.4","40","19.1","37.9","6.85","Dunning","NA","NO","NA","NA","Forest","2","1","Omnivore","Invertivore","Insessorial","-39.24","-23.09","-32.159999999999997","147.5","1043817.35","AVONET1_BirdLife",NA,NA,NA,NA,NA,NA,NA,NA
"Larus pacificus","larus pacificus","larus pacificus","exact","2618","Larus pacificus","Laridae","Charadriiformes","AVIBASE-C08157E7","5","1","1","3","4","67.6","26.4","10.3","29.7","71.2","444.2","242.5","203.5","54.4","177.2","1292.03","Dunning","NA","NO","NA","NA","Coastal","3","2","Carnivore","Aquatic predator","Generalist","-43.64","-21.62","-35.11","134.28","392125.03","AVONET1_BirdLife",NA,NA,NA,NA,NA,NA,NA,NA
"Myzomela sanguinolenta","myzomela sanguinolenta","myzomela sanguinolenta","exact","6053","Myzomela sanguinolenta","Meliphagidae","Passeriformes","AVIBASE-F3E41C51","15","5","9","1","4","13.8","8.2","2.2","2.4","13.6","57.8","12.9","45.1","22.2","34.6","8.34","Dunning","NA","NO","NA","NA","Forest","2","2","Herbivore","Nectarivore","Insessorial","-38.130000000000003","-14.05","-27.41","148.84","912973.16","AVONET1_BirdLife",NA,NA,NA,NA,NA,NA,NA,NA
"Oxyura australis","oxyura australis","oxyura australis","exact","390","Oxyura australis","Anatidae","Anseriformes","AVIBASE-672BA2DA","4","2","2","0","4","44.2","25.5","19.4","12.1","33.2","154","66","88","42.9","61.5","798","Dunning","NA","NO","NA","NA","Wetland","3","2","Omnivore","Herbivore aquatic","Aquatic","-43.64","-24.72","-33.880000000000003","143.57","544505.23","AVONET1_BirdLife",NA,NA,NA,NA,NA,NA,NA,NA
"Melithreptus lunatus","melithreptus lunatus","melithreptus lunatus","exact","5989","Melithreptus lunatus","Meliphagidae","Passeriformes","AVIBASE-E4C4AC31","17","7","10","0","4","14.4","7.2","2.8","3.4","16.9","74.7","20.7","54.3","27.6","56.5","14.01","Dunning","NA","NO","NA","NA","Forest","2","1","Carnivore","Invertivore","Insessorial","-39.51","-15.35","-30.66","146.97","1242453.6000000001","AVONET1_BirdLife",NA,NA,NA,NA,NA,NA,NA,NA
"Gallinago hardwickii","gallinago hardwickii","gallinago hardwickii","exact","2509","Gallinago hardwickii","Scolopacidae","Charadriiformes","AVIBASE-C9B4E3D5","5","3","2","0","4","73.1","63.3","5","7.7","34.9","151","72.5","77.2","48.4","60.8","151.31","Dunning","NA","NO","NA","NA","Human Modified","3","3","Carnivore","Aquatic predator","Terrestrial","32.369999999999997","49.5","40.200000000000003","140.22999999999999","251911.82","AVONET1_BirdLife",NA,NA,NA,NA,NA,NA,NA,NA
"Coturnix ypsilophora","coturnix ypsilophora","coturnix ypsilophora","exact",NA,NA,NA,NA,NA,"5","0","2","3","4","15.6","8.4","5.8","6.2","23.2","98","33.4","66.3","33.5","37.6","107.69","Dunning","NA","NO","NA","NA","Grassland","2","1","Herbivore","Granivore","Terrestrial","-43.64","-1.47","-22.14","137.9788594","5709134.8799999999","AVONET3_BirdTree",NA,NA,NA,NA,"Coturnix ypsilophora","Phasianidae","Galliformes","Extant"
"Charadrius ruficapillus","charadrius ruficapillus","charadrius ruficapillus","exact","2386","Charadrius ruficapillus","Charadriidae","Charadriiformes","AVIBASE-1EDCA978","5","2","3","0","4","15.7","8.8","2.6","3","24.9","99.2","51.5","46.2","52.7","38.6","37.4","Dunning","NA","NO","NA","NA","Coastal","3","2","Carnivore","Aquatic predator","Terrestrial","-43.64","-8.33","-27.1","133.76","4811331.66","AVONET1_BirdLife",NA,NA,NA,NA,NA,NA,NA,NA
"Neophema chrysostoma","neophema chrysostoma","neophema chrysostoma","exact","4331","Neophema chrysostoma","Psittacidae","Psittaciformes","AVIBASE-DEEC38A7","5","2","3","0","4","14.1","11.2","7.6","12","14.8","104.8","45.1","61","42.6","125.4","46.1","Dunning","NA","NO","NA","NA","Woodland","2","1","Herbivore","Granivore","Terrestrial","-43.64","-36.35","-39.43","145.16999999999999","171443.53","AVONET1_BirdLife",NA,NA,NA,NA,NA,NA,NA,NA
"Hieraaetus morphnoides","hieraaetus morphnoides","hieraaetus morphnoides","exact","3059","Hieraaetus morphnoides","Accipitridae","Accipitriformes","AVIBASE-1117758C","5","3","2","0","4","35.7","20.6","10.9","18.1","54.5","364.8","161.2","198","44.9","205.2","775.05","Dunning","NA","NO","NA","NA","Forest","2","1","Carnivore","Vertivore","Generalist","-39.14","-10.7","-25.34","134.65","7265023.2199999997","AVONET1_BirdLife",NA,NA,NA,NA,NA,NA,NA,NA
"Tyto javanica","tyto javanica",NA,"unmatched",NA,NA,NA,NA,NA,NA,NA,NA,NA,NA,NA,NA,NA,NA,NA,NA,NA,NA,NA,NA,NA,NA,NA,NA,NA,NA,NA,NA,NA,NA,NA,NA,NA,NA,NA,NA,NA,NA,NA,NA,NA,NA,NA,NA,NA,NA
"Parvipsitta porphyrocephala","parvipsitta porphyrocephala","glossopsitta porphyrocephala","replaced","4368","Glossopsitta porphyrocephala","Psittacidae","Psittaciformes","AVIBASE-9689E669","5","2","3","0","4","15","11","7","11","12.3","103","55.2","46.8","54.2","59.4","44.7","Dunning","NA","NO","NA","NA","Woodland","2","1","Herbivore","Nectarivore","Insessorial","-38.86","-29.34","-33.42","130.5","937738.55","AVONET1_BirdLife",NA,NA,NA,NA,NA,NA,NA,NA
"Ptilotula fusca","ptilotula fusca","ptilotula fusca","exact","6140","Ptilotula fusca","Meliphagidae","Passeriformes","AVIBASE-34CC9FA8","19","7","12","0","4","16.1","6.7","2.7","3.4","18.9","81","16.5","61.3","21.1","66.5","17.68","Dunning","NA","NO","NA","NA","Forest","2","1","Omnivore","Invertivore","Insessorial","-38.42","-16.649999999999999","-30.3","148.29","949120.71","AVONET1_BirdLife",NA,NA,NA,NA,NA,NA,NA,NA
"Tribonyx ventralis","tribonyx ventralis","tribonyx ventralis","exact","1880","Tribonyx ventralis","Rallidae","Gruiformes","AVIBASE-B0A6B924","5","2","3","0","4","28.8","11.5","5.5","9.4","54.5","205.4","79","125","38.8","83","386.31","Dunning","NA","NO","NA","NA","Wetland","2","2","Herbivore","Omnivore","Terrestrial","-38.909999999999997","-14.76","-27.18","134.26","4599237.18","AVONET1_BirdLife",NA,NA,NA,NA,NA,NA,NA,NA
"Circus assimilis","circus assimilis","circus assimilis","exact","3076","Circus assimilis","Accipitridae","Accipitriformes","AVIBASE-811762D2","9","6","3","0","8","36.1","20.2","11.2","16.2","95.2","421.6","191.6","234","45","271.1","558.58","Dunning","NA","NO","NA","NA","Grassland","3","2","Carnivore","Vertivore","Aerial","-39.14","1.76","-25","134.02000000000001","7817547.5899999999","AVONET1_BirdLife",NA,NA,NA,NA,NA,NA,NA,NA
"Petroica boodang","petroica boodang","petroica boodang","exact","7130","Petroica boodang","Petroicidae","Passeriformes","AVIBASE-082099D1","8","3","5","0","4","12.8","7","3.3","3.1","18.3","73.8","20.4","54.9","27.1","54.2","12.5","Updated_literature","Dunning (2021)","NO","NA","NA","Shrubland","1","1","Carnivore","Invertivore","Insessorial","-43.62","-27.17","-35.04","139.31","616459.04","AVONET1_BirdLife",NA,NA,NA,NA,NA,NA,NA,NA
"Smicrornis brevirostris","smicrornis brevirostris","smicrornis brevirostris","exact","6188","Smicrornis brevirostris","Acanthizidae","Passeriformes","AVIBASE-4568006A","19","6","13","0","4","8","4","2.4","2.8","15.7","49.6","8.4","42.1","16.6","34","5.3","Dunning","NA","NO","NA","NA","Woodland","2","1","Carnivore","Invertivore","Insessorial","-39.14","-10.02","-25.7","134.77000000000001","7230924.8799999999","AVONET1_BirdLife",NA,NA,NA,NA,NA,NA,NA,NA
"Rhipidura rufifrons","rhipidura rufifrons","rhipidura rufifrons","exact","6727","Rhipidura rufifrons","Rhipiduridae","Passeriformes","AVIBASE-45842708","19","8","11","0","4","12.9","6","3.8","3.1","19","72.1","15.3","58.6","20.7","83.1","10.08","Dunning","NA","NO","NA","NA","Shrubland","2","1","Carnivore","Invertivore","Insessorial","-39.479999999999997","15.29","-26.84","148.16999999999999","843136.87","AVONET1_BirdLife",NA,NA,NA,NA,NA,NA,NA,NA
"Dicaeum hirundinaceum","dicaeum hirundinaceum","dicaeum hirundinaceum","exact","9460","Dicaeum hirundinaceum","Dicaeidae","Passeriformes","AVIBASE-7CCB0FB6","18","8","10","0","3","10.7","5.8","3.3","3.5","12.8","60.2","15.6","45.2","25.7","30.8","9.04","Dunning","NA","NO","NA","NA","Forest","2","2","Omnivore","Invertivore","Insessorial","-39.479999999999997","-10.02","-25.13","134.47","6464367.0999999996","AVONET1_BirdLife",NA,NA,NA,NA,NA,NA,NA,NA
"Chalcites lucidus","chalcites lucidus","chalcites lucidus","exact","1678","Chalcites lucidus","Cuculidae","Cuculiformes","AVIBASE-19268395","4","2","2","0","4","18.3","10.5","5.8","4.7","17.6","102.8","45.2","57.6","44","67.5","24.44","Dunning","NA","NO","NA","NA","Forest","2","1","Carnivore","Invertivore","Insessorial","-47.29","-9.75","-30.39","144.03","2736789.25","AVONET1_BirdLife",NA,NA,NA,NA,NA,NA,NA,NA
"Taeniopygia guttata","taeniopygia guttata","taeniopygia guttata","exact","9874","Taeniopygia guttata","Estrildidae","Passeriformes","AVIBASE-CF7D71B0","8","4","4","0","7","10","7.1","5.3","6.3","13.3","50.5","11.2","39.2","22.2","34.2","12.04","Dunning","NA","NO","NA","NA","Grassland","2","2","Herbivore","Granivore","Terrestrial","-10.94","-7.56","-8.98","121.92","83399.73","AVONET1_BirdLife",NA,NA,NA,NA,NA,NA,NA,NA
"Morus serrator","morus serrator","morus serrator","exact","2280","Morus serrator","Sulidae","Suliformes","AVIBASE-13610344","6","1","2","3","4","88.3","87","22.6","29.4","54.1","461","279.5","174.2","61.6","200.5","2350","Dunning","NA","NO","NA","NA","Marine","3","2","Carnivore","Aquatic predator","Aerial","-46.68","-23.48","-39.729999999999997","152.63","10238.620000000001","AVONET1_BirdLife",NA,NA,NA,NA,NA,NA,NA,NA
"Phaps chalcoptera","phaps chalcoptera","phaps chalcoptera","exact","765","Phaps chalcoptera","Columbidae","Columbiformes","AVIBASE-8D30DDA6","5","2","3","0","4","25.7","12.4","3.8","4.6","29.3","197.8","77.8","121.7","39","126","330.74","Dunning","NA","NO","NA","NA","Forest","3","1","Herbivore","Granivore","Terrestrial","-43.64","-10.9","-26.24","135.71","5889502.1699999999","AVONET1_BirdLife",NA,NA,NA,NA,NA,NA,NA,NA
"Pachycephala rufiventris","pachycephala rufiventris","pachycephala rufiventris","exact","6339","Pachycephala rufiventris","Pachycephalidae","Passeriformes","AVIBASE-0ABCDD1C","22","8","14","0","4","16.5","8.3","4.7","5.4","21.4","92.7","22.4","70.2","24.1","66.6","22.48","Dunning","NA","NO","NA","NA","Forest","2","1","Carnivore","Invertivore","Insessorial","-39.479999999999997","-10.51","-25.44","134.41","7227395.75","AVONET1_BirdLife",NA,NA,NA,NA,NA,NA,NA,NA
"Oriolus sagittatus","oriolus sagittatus","oriolus sagittatus","exact","6255","Oriolus sagittatus","Oriolidae","Passeriformes","AVIBASE-068516BB","17","7","10","0","4","33.8","20.3","8.5","9.6","25.7","145.1","41.2","102.8","28.6","100.5","95.2","Dunning","NA","NO","NA","NA","Woodland","2","2","Herbivore","Omnivore","Insessorial","-39.14","-7.72","-24.55","141.93","3411405.87","AVONET1_BirdLife",NA,NA,NA,NA,NA,NA,NA,NA
"Larus dominicanus","larus dominicanus","larus dominicanus","exact","2627","Larus dominicanus","Laridae","Charadriiformes","AVIBASE-E6536E4E","5","2","2","1","4","64.7","23.4","8.6","19.2","64.7","402","224","178.5","55.6","154.2","952.43","Dunning","NA","NO","NA","NA","Marine","3","1","Carnivore","Omnivore","Generalist","-75.760000000000005","-0.83","-37.5","-22.1","3780207.34","AVONET1_BirdLife",NA,NA,NA,NA,NA,NA,NA,NA
"Bubulcus ibis","bubulcus ibis","bubulcus ibis","exact","2232","Bubulcus ibis","Ardeidae","Pelecaniformes","AVIBASE-6CCDAC53","14","7","7","0","10","63.3","43.5","8.6","11.5","76.8","244.4","73","171.2","29.9","90.9","365.95","Dunning","NA","NO","NA","NA","Human Modified","3","2","Carnivore","Omnivore","Terrestrial","-55.98","58.29","5.0999999999999996","-2.69","62451101.719999999","AVONET1_BirdLife",NA,NA,NA,NA,NA,NA,NA,NA
"Parvipsitta pusilla","parvipsitta pusilla","glossopsitta pusilla","replaced","4367","Glossopsitta pusilla","Psittacidae","Psittaciformes","AVIBASE-3AACCDB1","4","2","2","0","4","14.4","10.2","7.4","9.7","11.2","96.2","52.6","43.6","54.7","55.8","39.4","Dunning","NA","NO","NA","NA","Woodland","2","1","Herbivore","Omnivore","Insessorial","-39","-15.93","-31.2","148.58000000000001","776503.49","AVONET1_BirdLife",NA,NA,NA,NA,NA,NA,NA,NA
"Gavicalis virescens","gavicalis virescens","gavicalis virescens","exact","6135","Gavicalis virescens","Meliphagidae","Passeriformes","AVIBASE-ADF91F60","20","10","10","0","4","19.6","9.3","3.1","3.9","22.6","90.9","16.4","73.6","18.2","81.2","23.33","Dunning","NA","NO","NA","NA","Shrubland","2","1","Omnivore","Invertivore","Insessorial","-38.86","-11.12","-25.8","133.91","7306702.4400000004","AVONET1_BirdLife",NA,NA,NA,NA,NA,NA,NA,NA
"Cincloramphus mathewsi","cincloramphus mathewsi","cincloramphus mathewsi","exact","7640","Cincloramphus mathewsi","Locustellidae","Passeriformes","AVIBASE-D6C5E52E","11","4","7","0","4","16.6","8.8","3.6","3.9","25.7","86.2","17.8","64.2","21.4","78.4","29.34","Dunning","NA","NO","NA","NA","Grassland","3","3","Carnivore","Invertivore","Terrestrial","-37.96","-20.74","-30.05","138.88999999999999","2030401.43","AVONET1_BirdLife",NA,NA,NA,NA,NA,NA,NA,NA
"Calidris acuminata","calidris acuminata","calidris acuminata","exact","2466","Calidris acuminata","Scolopacidae","Charadriiformes","AVIBASE-A0A67A81","5","2","3","0","4","27.4","20.5","2.8","3.9","28.7","128.8","70.4","58.6","54.5","53.4","66.08","Dunning","NA","NO","NA","NA","Wetland","3","3","Carnivore","Aquatic predator","Terrestrial","67.56","73.930000000000007","70.739999999999995","144.88","348177.87","AVONET1_BirdLife",NA,NA,NA,NA,NA,NA,NA,NA
"Hirundapus caudacutus","hirundapus caudacutus","hirundapus caudacutus","exact","1140","Hirundapus caudacutus","Apodidae","Caprimulgiformes","AVIBASE-EA55CA27","4","2","2","0","4","12.9","5","3.5","2.8","18.5","206","148.8","57.2","72.2","49.8","95.5","Dunning","NA","NO","NA","NA","Woodland","1","3","Carnivore","Invertivore","Aerial","26.67","60.83","46.53","112.91","6143488.25","AVONET1_BirdLife",NA,NA,NA,NA,NA,NA,NA,NA
"Pycnonotus jocosus","pycnonotus jocosus","pycnonotus jocosus","exact","7887","Pycnonotus jocosus","Pycnonotidae","Passeriformes","AVIBASE-F9E37510","9","4","5","0","8","17.5","9.1","4.5","4.8","20.5","86.8","12.4","74.8","14.2","88.1","29.47","Dunning","NA","NO","NA","NA","Shrubland","2","1","Herbivore","Omnivore","Insessorial","2.54","30.91","20.23","93.52","5185044.87","AVONET1_BirdLife",NA,NA,NA,NA,NA,NA,NA,NA
"Nymphicus hollandicus","nymphicus hollandicus","nymphicus hollandicus","exact","4080","Nymphicus hollandicus","Cacatuidae","Psittaciformes","AVIBASE-FDAEA60A","7","2","5","0","4","17.7","14.1","8.7","15.8","14.8","167.3","83.8","81.8","50.6","165.9","94.61","Dunning","NA","NO","NA","NA","Grassland","3","2","Herbivore","Granivore","Terrestrial","-37.68","-12.04","-25.22","134.6","6462401.7199999997","AVONET1_BirdLife",NA,NA,NA,NA,NA,NA,NA,NA
"Philemon corniculatus","philemon corniculatus","philemon corniculatus","exact","6028","Philemon corniculatus","Meliphagidae","Passeriformes","AVIBASE-6AD860B6","15","5","10","0","4","35.4","18.6","5.7","8.6","31.2","152.1","42","112.4","27.1","129","100.71","Dunning","NA","NO","NA","NA","Forest","2","1","Omnivore","Omnivore","Insessorial","-39.14","-8.26","-27.22","147.27000000000001","1758116.37","AVONET1_BirdLife",NA,NA,NA,NA,NA,NA,NA,NA
"Stercorarius parasiticus","stercorarius parasiticus","stercorarius parasiticus","exact","2679","Stercorarius parasiticus","Stercorariidae","Charadriiformes","AVIBASE-39086887","14","6","8","0","8","36.1","12","5.7","9","41.5","310.5","188.3","124.5","60.2","172","444.31","Dunning","NA","NO","NA","NA","Marine","3","3","Carnivore","Aquatic predator","Aerial","-7.99","81.19","68.31","-11.33","6277591.3099999996","AVONET1_BirdLife",NA,NA,NA,NA,NA,NA,NA,NA
"Artamus personatus","artamus personatus","artamus personatus","exact","6541","Artamus personatus","Artamidae","Passeriformes","AVIBASE-92A5A04D","9","4","5","0","4","22.6","13.8","5.6","6.4","19.7","120.9","52.6","68.5","43.4","71.6","34.6","Dunning","NA","NO","NA","NA","Woodland","2","1","Carnivore","Invertivore","Aerial","-40.159999999999997","-11.12","-25.72","134.27000000000001","7500863.7199999997","AVONET1_BirdLife",NA,NA,NA,NA,NA,NA,NA,NA
"Lichenostomus melanops","lichenostomus melanops","lichenostomus melanops","exact","6148","Lichenostomus melanops","Meliphagidae","Passeriformes","AVIBASE-6409E246","22","10","12","0","4","18.7","8.5","3","4.1","21.7","84.5","15.9","64.8","19.6","82","32.3","Dunning","NA","NO","NA","NA","Forest","2","2","Omnivore","Omnivore","Insessorial","-39.15","-23.02","-31.75","148.68","732848.75","AVONET1_BirdLife",NA,NA,NA,NA,NA,NA,NA,NA
"Strepera versicolor","strepera versicolor","strepera versicolor","exact","6532","Strepera versicolor","Artamidae","Passeriformes","AVIBASE-B7717F2A","15","4","8","3","4","65.3","43.9","13.4","20.1","63","267.3","71.8","196.1","26.8","213.7","395.47","Dunning","NA","NO","NA","NA","Forest","2","1","Carnivore","Omnivore","Terrestrial","-43.45","-23.06","-32.07","131.9","2079178.27","AVONET1_BirdLife",NA,NA,NA,NA,NA,NA,NA,NA
"Artamus superciliosus","artamus superciliosus","artamus superciliosus","exact","6542","Artamus superciliosus","Artamidae","Passeriformes","AVIBASE-FC26F2A3","12","4","6","2","4","22.9","12.8","5.8","6.3","20.5","119.5","52.4","67.2","43.8","74.1","35.5","Dunning","NA","NO","NA","NA","Woodland","2","3","Carnivore","Invertivore","Aerial","-42.56","-11.63","-25.72","135.12","7162672.29","AVONET1_BirdLife",NA,NA,NA,NA,NA,NA,NA,NA
"Acanthiza nana","acanthiza nana","acanthiza nana","exact","6220","Acanthiza nana","Acanthizidae","Passeriformes","AVIBASE-D6D77AFA","19","8","11","0","4","10","5.2","2.1","2.7","17.2","49.1","8.8","40.8","17.8","36.8","6.19","Dunning","NA","NO","NA","NA","Shrubland","2","1","Carnivore","Invertivore","Insessorial","-39.14","-15.68","-29.95","146.15","2021416.13","AVONET1_BirdLife",NA,NA,NA,NA,NA,NA,NA,NA
"Eopsaltria australis","eopsaltria australis","eopsaltria australis","exact","7161","Eopsaltria australis","Petroicidae","Passeriformes","AVIBASE-FB313820","16","7","6","3","4","15.9","8","3.9","4.2","21.6","84.7","20","62.2","24.4","64.9","20.15","Dunning","NA","NO","NA","NA","Shrubland","2","1","Carnivore","Invertivore","Insessorial","-39.479999999999997","-14.52","-29.94","148.1","1174338.8400000001","AVONET1_BirdLife",NA,NA,NA,NA,NA,NA,NA,NA
"Hydroprogne caspia","hydroprogne caspia","hydroprogne caspia","exact","2653","Hydroprogne caspia","Laridae","Charadriiformes","AVIBASE-BC06BC0D","10","5","5","0","4","78.7","49.1","10.4","19.2","42.6","410.7","268.2","143.1","65.1","148.7","655","Dunning","NA","NO","NA","NA","Wetland","3","3","Carnivore","Aquatic predator","Aerial","-46.99","65.989999999999995","7.58","76.67","6293644.9100000001","AVONET1_BirdLife",NA,NA,NA,NA,NA,NA,NA,NA
"Biziura lobata","biziura lobata","biziura lobata","exact","393","Biziura lobata","Anatidae","Anseriformes","AVIBASE-623B61C4","6","3","3","0","4","41.6","23.4","28.2","18.1","46.6","211.5","85.9","129.3","40","105.2","1928.54","Dunning","NA","NO","NA","NA","Wetland","3","2","Carnivore","Aquatic predator","Aquatic","-43.64","-22","-34.06","141.96","1207634.45","AVONET1_BirdLife",NA,NA,NA,NA,NA,NA,NA,NA
"Chalcites osculans","chalcites osculans","chalcites osculans","exact","1676","Chalcites osculans","Cuculidae","Cuculiformes","AVIBASE-087C279E","5","2","2","1","4","18.4","11.5","4.8","5.1","18.8","115.2","45.4","68.8","39.8","86.4","30.9","Dunning","NA","NO","NA","NA","Shrubland","2","1","Carnivore","Invertivore","Insessorial","-38.86","-10.9","-25.39","134.69","7041722.8700000001","AVONET1_BirdLife",NA,NA,NA,NA,NA,NA,NA,NA
"Anseranas semipalmata","anseranas semipalmata","anseranas semipalmata","exact","375","Anseranas semipalmata","Anseranatidae","Anseriformes","AVIBASE-89D5434B","7","3","3","1","4","85.6","42.4","22.8","20.4","87","405.6","144","269","34.9","148.1","2393.4","Dunning","NA","NO","NA","NA","Wetland","3","2","Herbivore","Omnivore","Terrestrial","-38.9","-10.62","-20.53","137.43","223353.42","AVONET1_BirdLife",NA,NA,NA,NA,NA,NA,NA,NA
"Phalacrocorax fuscescens","phalacrocorax fuscescens","phalacrocorax fuscescens","exact","2318","Phalacrocorax fuscescens","Phalacrocoracidae","Suliformes","AVIBASE-100C8781","4","1","2","1","4","59.7","47.7","10.3","13.2","61.3","263.8","90","173.8","34.1","101.5","1515","Dunning","NA","NO","NA","NA","Marine","3","1","Carnivore","Aquatic predator","Aquatic","-43.64","-31.77","-37.4","141.38","203014.55","AVONET1_BirdLife",NA,NA,NA,NA,NA,NA,NA,NA
"Haliastur sphenurus","haliastur sphenurus","haliastur sphenurus","exact","3146","Haliastur sphenurus","Accipitridae","Accipitriformes","AVIBASE-FEDDD1F2","5","2","3","0","4","40","23.1","13.1","18.2","58.8","407.4","186.2","221.5","45.6","264","752.99","Dunning","NA","NO","NA","NA","Wetland","2","1","Carnivore","Omnivore","Aerial","-39.24","-1.47","-23.9","137.19999999999999","5565646.9299999997","AVONET1_BirdLife",NA,NA,NA,NA,NA,NA,NA,NA
"Trichoglossus chlorolepidotus","trichoglossus chlorolepidotus","trichoglossus chlorolepidotus","exact","4401","Trichoglossus chlorolepidotus","Psittacidae","Psittaciformes","AVIBASE-4B0E14DB","9","3","5","1","8","19.2","16.3","10.1","16.4","14.6","128.3","66.1","62.6","51.4","95.2","87.1","Dunning","NA","NO","NA","NA","Woodland","2","1","Herbivore","Nectarivore","Insessorial","-36.770000000000003","-10.69","-24.16","148.07","1066541.06","AVONET1_BirdLife",NA,NA,NA,NA,NA,NA,NA,NA
